3845	카테고리 매핑필요	0	3845	카테고리 매핑필요
3409	라이너	0	3409	라이너
3410	화이트	3409	3409 > 3410	라이너 > 화이트
3419	순간흡수	3410	3409 > 3410 > 3419	라이너 > 화이트 > 순간흡수
3441	일반	3419	3409 > 3410 > 3419 > 3441	라이너 > 화이트 > 순간흡수 > 일반
3443	수퍼롱	3419	3409 > 3410 > 3419 > 3443	라이너 > 화이트 > 순간흡수 > 수퍼롱
3442	롱 날개	3419	3409 > 3410 > 3419 > 3442	라이너 > 화이트 > 순간흡수 > 롱 날개
3901	애니데이	3410	3409 > 3410 > 3901	라이너 > 화이트 > 애니데이
3902	롱	3901	3409 > 3410 > 3901 > 3902	라이너 > 화이트 > 애니데이 > 롱
3417	무향	3410	3409 > 3410 > 3417	라이너 > 화이트 > 무향
3420	일반	3417	3409 > 3410 > 3417 > 3420	라이너 > 화이트 > 무향 > 일반
3421	롱	3417	3409 > 3410 > 3417 > 3421	라이너 > 화이트 > 무향 > 롱
3418	라벤더향	3410	3409 > 3410 > 3418	라이너 > 화이트 > 라벤더향
3439	일반	3418	3409 > 3410 > 3418 > 3439	라이너 > 화이트 > 라벤더향 > 일반
3440	롱	3418	3409 > 3410 > 3418 > 3440	라이너 > 화이트 > 라벤더향 > 롱
3415	릴리안	3409	3409 > 3415	라이너 > 릴리안
3470	라벤더향	3415	3409 > 3415 > 3470	라이너 > 릴리안 > 라벤더향
3472	슈퍼롱	3470	3409 > 3415 > 3470 > 3472	라이너 > 릴리안 > 라벤더향 > 슈퍼롱
3469	피오니향	3415	3409 > 3415 > 3469	라이너 > 릴리안 > 피오니향
3476	슈퍼롱	3469	3409 > 3415 > 3469 > 3476	라이너 > 릴리안 > 피오니향 > 슈퍼롱
3468	로즈향	3415	3409 > 3415 > 3468	라이너 > 릴리안 > 로즈향
3473	슈퍼롱	3468	3409 > 3415 > 3468 > 3473	라이너 > 릴리안 > 로즈향 > 슈퍼롱
3467	초흡수	3415	3409 > 3415 > 3467	라이너 > 릴리안 > 초흡수
3475	슈퍼롱	3467	3409 > 3415 > 3467 > 3475	라이너 > 릴리안 > 초흡수 > 슈퍼롱
3471	순수한면	3415	3409 > 3415 > 3471	라이너 > 릴리안 > 순수한면
3474	슈퍼롱	3471	3409 > 3415 > 3471 > 3474	라이너 > 릴리안 > 순수한면 > 슈퍼롱
3416	시크릿데이	3409	3409 > 3416	라이너 > 시크릿데이
3478	미스샬롯	3416	3409 > 3416 > 3478	라이너 > 시크릿데이 > 미스샬롯
3483	일반	3478	3409 > 3416 > 3478 > 3483	라이너 > 시크릿데이 > 미스샬롯 > 일반
3484	롱	3478	3409 > 3416 > 3478 > 3484	라이너 > 시크릿데이 > 미스샬롯 > 롱
3479	센스	3416	3409 > 3416 > 3479	라이너 > 시크릿데이 > 센스
3480	팬티라이너	3416	3409 > 3416 > 3480	라이너 > 시크릿데이 > 팬티라이너
3485	베이직	3480	3409 > 3416 > 3480 > 3485	라이너 > 시크릿데이 > 팬티라이너 > 베이직
3486	롱	3480	3409 > 3416 > 3480 > 3486	라이너 > 시크릿데이 > 팬티라이너 > 롱
3903	러브 센스	3416	3409 > 3416 > 3903	라이너 > 시크릿데이 > 러브 센스
3477	러브레시피	3416	3409 > 3416 > 3477	라이너 > 시크릿데이 > 러브레시피
3481	일반	3477	3409 > 3416 > 3477 > 3481	라이너 > 시크릿데이 > 러브레시피 > 일반
3482	롱	3477	3409 > 3416 > 3477 > 3482	라이너 > 시크릿데이 > 러브레시피 > 롱
3414	위스퍼	3409	3409 > 3414	라이너 > 위스퍼
3465	피부애 리프레쉬	3414	3409 > 3414 > 3465	라이너 > 위스퍼 > 피부애 리프레쉬
3466	일반	3465	3409 > 3414 > 3465 > 3466	라이너 > 위스퍼 > 피부애 리프레쉬 > 일반
3464	후레쉬라이너	3414	3409 > 3414 > 3464	라이너 > 위스퍼 > 후레쉬라이너
3413	쏘피	3409	3409 > 3413	라이너 > 쏘피
3460	유기농순면커버	3413	3409 > 3413 > 3460	라이너 > 쏘피 > 유기농순면커버
3463	롱	3460	3409 > 3413 > 3460 > 3463	라이너 > 쏘피 > 유기농순면커버 > 롱
3459	한결 무향	3413	3409 > 3413 > 3459	라이너 > 쏘피 > 한결 무향
3461	일반	3459	3409 > 3413 > 3459 > 3461	라이너 > 쏘피 > 한결 무향 > 일반
3462	롱	3459	3409 > 3413 > 3459 > 3462	라이너 > 쏘피 > 한결 무향 > 롱
3412	바디피트	3409	3409 > 3412	라이너 > 바디피트
3452	귀애랑	3412	3409 > 3412 > 3452	라이너 > 바디피트 > 귀애랑
3457	일반	3452	3409 > 3412 > 3452 > 3457	라이너 > 바디피트 > 귀애랑 > 일반
3458	롱	3452	3409 > 3412 > 3452 > 3458	라이너 > 바디피트 > 귀애랑 > 롱
3451	천연코튼 라벤더향	3412	3409 > 3412 > 3451	라이너 > 바디피트 > 천연코튼 라벤더향
3455	일반	3451	3409 > 3412 > 3451 > 3455	라이너 > 바디피트 > 천연코튼 라벤더향 > 일반
3456	롱	3451	3409 > 3412 > 3451 > 3456	라이너 > 바디피트 > 천연코튼 라벤더향 > 롱
3450	천연코튼 무향	3412	3409 > 3412 > 3450	라이너 > 바디피트 > 천연코튼 무향
3454	롱	3450	3409 > 3412 > 3450 > 3454	라이너 > 바디피트 > 천연코튼 무향 > 롱
3453	일반	3450	3409 > 3412 > 3450 > 3453	라이너 > 바디피트 > 천연코튼 무향 > 일반
3411	좋은느낌	3409	3409 > 3411	라이너 > 좋은느낌
3444	좋은순면	3411	3409 > 3411 > 3444	라이너 > 좋은느낌 > 좋은순면
3446	일반	3444	3409 > 3411 > 3444 > 3446	라이너 > 좋은느낌 > 좋은순면 > 일반
3447	롱	3444	3409 > 3411 > 3444 > 3447	라이너 > 좋은느낌 > 좋은순면 > 롱
3445	오가닉	3411	3409 > 3411 > 3445	라이너 > 좋은느낌 > 오가닉
3448	일반	3445	3409 > 3411 > 3445 > 3448	라이너 > 좋은느낌 > 오가닉 > 일반
3449	롱	3445	3409 > 3411 > 3445 > 3449	라이너 > 좋은느낌 > 오가닉 > 롱
3175	기저귀	0	3175	기저귀
3185	마미포코	3175	3175 > 3185	기저귀 > 마미포코
3267	360핏 썸머팬티	3185	3175 > 3185 > 3267	기저귀 > 마미포코 > 360핏 썸머팬티
3269	팬티	3267	3175 > 3185 > 3267 > 3269	기저귀 > 마미포코 > 360핏 썸머팬티 > 팬티
3272	대형(L)	3269	3175 > 3185 > 3267 > 3269 > 3272	기저귀 > 마미포코 > 360핏 썸머팬티 > 팬티 > 대형(L)
3273	특대(XL)	3269	3175 > 3185 > 3267 > 3269 > 3273	기저귀 > 마미포코 > 360핏 썸머팬티 > 팬티 > 특대(XL)
3266	360핏	3185	3175 > 3185 > 3266	기저귀 > 마미포코 > 360핏
3268	팬티	3266	3175 > 3185 > 3266 > 3268	기저귀 > 마미포코 > 360핏 > 팬티
3270	대형(L)	3268	3175 > 3185 > 3266 > 3268 > 3270	기저귀 > 마미포코 > 360핏 > 팬티 > 대형(L)
3271	특대(XL)	3268	3175 > 3185 > 3266 > 3268 > 3271	기저귀 > 마미포코 > 360핏 > 팬티 > 특대(XL)
4148	페넬로페	3175	3175 > 4148	기저귀 > 페넬로페
4153	미라클	4148	3175 > 4148 > 4153	기저귀 > 페넬로페 > 미라클
4154	팬티	4153	3175 > 4148 > 4153 > 4154	기저귀 > 페넬로페 > 미라클 > 팬티
4155	4단계	4154	3175 > 4148 > 4153 > 4154 > 4155	기저귀 > 페넬로페 > 미라클 > 팬티 > 4단계
4149	뭉침없는	4148	3175 > 4148 > 4149	기저귀 > 페넬로페 > 뭉침없는
4150	기저귀	4149	3175 > 4148 > 4149 > 4150	기저귀 > 페넬로페 > 뭉침없는 > 기저귀
4152	4단계	4150	3175 > 4148 > 4149 > 4150 > 4152	기저귀 > 페넬로페 > 뭉침없는 > 기저귀 > 4단계
4151	2단계	4150	3175 > 4148 > 4149 > 4150 > 4151	기저귀 > 페넬로페 > 뭉침없는 > 기저귀 > 2단계
3184	보솜이	3175	3175 > 3184	기저귀 > 보솜이
4117	소프트 슬림	3184	3175 > 3184 > 4117	기저귀 > 보솜이 > 소프트 슬림
4118	기저귀	4117	3175 > 3184 > 4117 > 4118	기저귀 > 보솜이 > 소프트 슬림 > 기저귀
4119	대형	4118	3175 > 3184 > 4117 > 4118 > 4119	기저귀 > 보솜이 > 소프트 슬림 > 기저귀 > 대형
4120	중형	4118	3175 > 3184 > 4117 > 4118 > 4120	기저귀 > 보솜이 > 소프트 슬림 > 기저귀 > 중형
3253	천연코튼	3184	3175 > 3184 > 3253	기저귀 > 보솜이 > 천연코튼
3260	기저귀	3253	3175 > 3184 > 3253 > 3260	기저귀 > 보솜이 > 천연코튼 > 기저귀
4121	2단계	3260	3175 > 3184 > 3253 > 3260 > 4121	기저귀 > 보솜이 > 천연코튼 > 기저귀 > 2단계
3262	중형(M)	3260	3175 > 3184 > 3253 > 3260 > 3262	기저귀 > 보솜이 > 천연코튼 > 기저귀 > 중형(M)
3263	대형(L)	3260	3175 > 3184 > 3253 > 3260 > 3263	기저귀 > 보솜이 > 천연코튼 > 기저귀 > 대형(L)
3261	팬티	3253	3175 > 3184 > 3253 > 3261	기저귀 > 보솜이 > 천연코튼 > 팬티
3264	대형(L)	3261	3175 > 3184 > 3253 > 3261 > 3264	기저귀 > 보솜이 > 천연코튼 > 팬티 > 대형(L)
4122	4단계	3261	3175 > 3184 > 3253 > 3261 > 4122	기저귀 > 보솜이 > 천연코튼 > 팬티 > 4단계
3265	특대(XL)	3261	3175 > 3184 > 3253 > 3261 > 3265	기저귀 > 보솜이 > 천연코튼 > 팬티 > 특대(XL)
3252	소프트 슬림팬티	3184	3175 > 3184 > 3252	기저귀 > 보솜이 > 소프트 슬림팬티
3257	팬티	3252	3175 > 3184 > 3252 > 3257	기저귀 > 보솜이 > 소프트 슬림팬티 > 팬티
3258	대형(L)	3257	3175 > 3184 > 3252 > 3257 > 3258	기저귀 > 보솜이 > 소프트 슬림팬티 > 팬티 > 대형(L)
3259	특대(XL)	3257	3175 > 3184 > 3252 > 3257 > 3259	기저귀 > 보솜이 > 소프트 슬림팬티 > 팬티 > 특대(XL)
3251	소프트 파우더	3184	3175 > 3184 > 3251	기저귀 > 보솜이 > 소프트 파우더
3254	기저귀	3251	3175 > 3184 > 3251 > 3254	기저귀 > 보솜이 > 소프트 파우더 > 기저귀
3256	대형(L)	3254	3175 > 3184 > 3251 > 3254 > 3256	기저귀 > 보솜이 > 소프트 파우더 > 기저귀 > 대형(L)
3255	중형(M)	3254	3175 > 3184 > 3251 > 3254 > 3255	기저귀 > 보솜이 > 소프트 파우더 > 기저귀 > 중형(M)
3183	군	3175	3175 > 3183	기저귀 > 군
4107	오리지널	3183	3175 > 3183 > 4107	기저귀 > 군 > 오리지널
4108	기저귀	4107	3175 > 3183 > 4107 > 4108	기저귀 > 군 > 오리지널 > 기저귀
4109	2단계	4108	3175 > 3183 > 4107 > 4108 > 4109	기저귀 > 군 > 오리지널 > 기저귀 > 2단계
3238	소프트	3183	3175 > 3183 > 3238	기저귀 > 군 > 소프트
3242	팬티	3238	3175 > 3183 > 3238 > 3242	기저귀 > 군 > 소프트 > 팬티
3249	대형(L)	3242	3175 > 3183 > 3238 > 3242 > 3249	기저귀 > 군 > 소프트 > 팬티 > 대형(L)
3250	특대(XL)	3242	3175 > 3183 > 3238 > 3242 > 3250	기저귀 > 군 > 소프트 > 팬티 > 특대(XL)
3237	슬림앤드라이	3183	3175 > 3183 > 3237	기저귀 > 군 > 슬림앤드라이
3241	기저귀	3237	3175 > 3183 > 3237 > 3241	기저귀 > 군 > 슬림앤드라이 > 기저귀
3248	대형(L)	3241	3175 > 3183 > 3237 > 3241 > 3248	기저귀 > 군 > 슬림앤드라이 > 기저귀 > 대형(L)
3247	중형(M)	3241	3175 > 3183 > 3237 > 3241 > 3247	기저귀 > 군 > 슬림앤드라이 > 기저귀 > 중형(M)
3236	오리지널	3183	3175 > 3183 > 3236	기저귀 > 군 > 오리지널
3239	기저귀	3236	3175 > 3183 > 3236 > 3239	기저귀 > 군 > 오리지널 > 기저귀
3243	중형(M)	3239	3175 > 3183 > 3236 > 3239 > 3243	기저귀 > 군 > 오리지널 > 기저귀 > 중형(M)
3244	대형(L)	3239	3175 > 3183 > 3236 > 3239 > 3244	기저귀 > 군 > 오리지널 > 기저귀 > 대형(L)
3240	팬티	3236	3175 > 3183 > 3236 > 3240	기저귀 > 군 > 오리지널 > 팬티
3246	특대(XL)	3240	3175 > 3183 > 3236 > 3240 > 3246	기저귀 > 군 > 오리지널 > 팬티 > 특대(XL)
3245	대형(L)	3240	3175 > 3183 > 3236 > 3240 > 3245	기저귀 > 군 > 오리지널 > 팬티 > 대형(L)
3182	팸퍼스	3175	3175 > 3182	기저귀 > 팸퍼스
3220	크루저	3182	3175 > 3182 > 3220	기저귀 > 팸퍼스 > 크루저
3223	기저귀	3220	3175 > 3182 > 3220 > 3223	기저귀 > 팸퍼스 > 크루저 > 기저귀
3226	3단계	3223	3175 > 3182 > 3220 > 3223 > 3226	기저귀 > 팸퍼스 > 크루저 > 기저귀 > 3단계
3228	4단계	3223	3175 > 3182 > 3220 > 3223 > 3228	기저귀 > 팸퍼스 > 크루저 > 기저귀 > 4단계
3222	베이비드라이	3182	3175 > 3182 > 3222	기저귀 > 팸퍼스 > 베이비드라이
3231	팬티	3222	3175 > 3182 > 3222 > 3231	기저귀 > 팸퍼스 > 베이비드라이 > 팬티
3235	5단계	3231	3175 > 3182 > 3222 > 3231 > 3235	기저귀 > 팸퍼스 > 베이비드라이 > 팬티 > 5단계
3234	4단계	3231	3175 > 3182 > 3222 > 3231 > 3234	기저귀 > 팸퍼스 > 베이비드라이 > 팬티 > 4단계
3225	기저귀	3222	3175 > 3182 > 3222 > 3225	기저귀 > 팸퍼스 > 베이비드라이 > 기저귀
3233	4단계	3225	3175 > 3182 > 3222 > 3225 > 3233	기저귀 > 팸퍼스 > 베이비드라이 > 기저귀 > 4단계
3232	3단계	3225	3175 > 3182 > 3222 > 3225 > 3232	기저귀 > 팸퍼스 > 베이비드라이 > 기저귀 > 3단계
4144	2단계	3225	3175 > 3182 > 3222 > 3225 > 4144	기저귀 > 팸퍼스 > 베이비드라이 > 기저귀 > 2단계
4326	액티브	3182	3175 > 3182 > 4326	기저귀 > 팸퍼스 > 액티브
4327	밴드	4326	3175 > 3182 > 4326 > 4327	기저귀 > 팸퍼스 > 액티브 > 밴드
4328	4단계	4327	3175 > 3182 > 4326 > 4327 > 4328	기저귀 > 팸퍼스 > 액티브 > 밴드 > 4단계
3221	베이비드라이 파우더향	3182	3175 > 3182 > 3221	기저귀 > 팸퍼스 > 베이비드라이 파우더향
3224	기저귀	3221	3175 > 3182 > 3221 > 3224	기저귀 > 팸퍼스 > 베이비드라이 파우더향 > 기저귀
3227	3단계	3224	3175 > 3182 > 3221 > 3224 > 3227	기저귀 > 팸퍼스 > 베이비드라이 파우더향 > 기저귀 > 3단계
3229	4단계	3224	3175 > 3182 > 3221 > 3224 > 3229	기저귀 > 팸퍼스 > 베이비드라이 파우더향 > 기저귀 > 4단계
4145	스와들러 센서티브	3182	3175 > 3182 > 4145	기저귀 > 팸퍼스 > 스와들러 센서티브
4146	기저귀	4145	3175 > 3182 > 4145 > 4146	기저귀 > 팸퍼스 > 스와들러 센서티브 > 기저귀
4147	2단계	4146	3175 > 3182 > 4145 > 4146 > 4147	기저귀 > 팸퍼스 > 스와들러 센서티브 > 기저귀 > 2단계
4138	킨도	3175	3175 > 4138	기저귀 > 킨도
4188	킨도	4138	3175 > 4138 > 4188	기저귀 > 킨도 > 킨도
4189	기저귀	4188	3175 > 4138 > 4188 > 4189	기저귀 > 킨도 > 킨도 > 기저귀
4191	2단계	4189	3175 > 4138 > 4188 > 4189 > 4191	기저귀 > 킨도 > 킨도 > 기저귀 > 2단계
4192	4단계	4189	3175 > 4138 > 4188 > 4189 > 4192	기저귀 > 킨도 > 킨도 > 기저귀 > 4단계
4190	팬티	4188	3175 > 4138 > 4188 > 4190	기저귀 > 킨도 > 킨도 > 팬티
4193	4단계	4190	3175 > 4138 > 4188 > 4190 > 4193	기저귀 > 킨도 > 킨도 > 팬티 > 4단계
4130	오보소	3175	3175 > 4130	기저귀 > 오보소
4132	베이직	4130	3175 > 4130 > 4132	기저귀 > 오보소 > 베이직
4135	기저귀	4132	3175 > 4130 > 4132 > 4135	기저귀 > 오보소 > 베이직 > 기저귀
4136	2단계	4135	3175 > 4130 > 4132 > 4135 > 4136	기저귀 > 오보소 > 베이직 > 기저귀 > 2단계
4137	4단계	4135	3175 > 4130 > 4132 > 4135 > 4137	기저귀 > 오보소 > 베이직 > 기저귀 > 4단계
4131	3D Fit	4130	3175 > 4130 > 4131	기저귀 > 오보소 > 3D Fit
4133	팬티	4131	3175 > 4130 > 4131 > 4133	기저귀 > 오보소 > 3D Fit > 팬티
4134	4단계	4133	3175 > 4130 > 4131 > 4133 > 4134	기저귀 > 오보소 > 3D Fit > 팬티 > 4단계
4123	슈퍼대디	3175	3175 > 4123	기저귀 > 슈퍼대디
4124	오리지널핏	4123	3175 > 4123 > 4124	기저귀 > 슈퍼대디 > 오리지널핏
4125	기저귀	4124	3175 > 4123 > 4124 > 4125	기저귀 > 슈퍼대디 > 오리지널핏 > 기저귀
4127	2단계	4125	3175 > 4123 > 4124 > 4125 > 4127	기저귀 > 슈퍼대디 > 오리지널핏 > 기저귀 > 2단계
4128	4단계	4125	3175 > 4123 > 4124 > 4125 > 4128	기저귀 > 슈퍼대디 > 오리지널핏 > 기저귀 > 4단계
4126	팬티	4124	3175 > 4123 > 4124 > 4126	기저귀 > 슈퍼대디 > 오리지널핏 > 팬티
4129	4단계	4126	3175 > 4123 > 4124 > 4126 > 4129	기저귀 > 슈퍼대디 > 오리지널핏 > 팬티 > 4단계
3181	하기스	3175	3175 > 3181	기저귀 > 하기스
3188	매직	3181	3175 > 3181 > 3188	기저귀 > 하기스 > 매직
3206	팬티	3188	3175 > 3181 > 3188 > 3206	기저귀 > 하기스 > 매직 > 팬티
3212	5단계	3206	3175 > 3181 > 3188 > 3206 > 3212	기저귀 > 하기스 > 매직 > 팬티 > 5단계
3211	4단계	3206	3175 > 3181 > 3188 > 3206 > 3211	기저귀 > 하기스 > 매직 > 팬티 > 4단계
3210	3단계	3206	3175 > 3181 > 3188 > 3206 > 3210	기저귀 > 하기스 > 매직 > 팬티 > 3단계
3205	기저귀	3188	3175 > 3181 > 3188 > 3205	기저귀 > 하기스 > 매직 > 기저귀
3209	5단계	3205	3175 > 3181 > 3188 > 3205 > 3209	기저귀 > 하기스 > 매직 > 기저귀 > 5단계
3995	2단계	3205	3175 > 3181 > 3188 > 3205 > 3995	기저귀 > 하기스 > 매직 > 기저귀 > 2단계
3208	4단계	3205	3175 > 3181 > 3188 > 3205 > 3208	기저귀 > 하기스 > 매직 > 기저귀 > 4단계
3207	3단계	3205	3175 > 3181 > 3188 > 3205 > 3207	기저귀 > 하기스 > 매직 > 기저귀 > 3단계
3189	보송보송	3181	3175 > 3181 > 3189	기저귀 > 하기스 > 보송보송
3214	팬티	3189	3175 > 3181 > 3189 > 3214	기저귀 > 하기스 > 보송보송 > 팬티
3218	5단계	3214	3175 > 3181 > 3189 > 3214 > 3218	기저귀 > 하기스 > 보송보송 > 팬티 > 5단계
3217	4단계	3214	3175 > 3181 > 3189 > 3214 > 3217	기저귀 > 하기스 > 보송보송 > 팬티 > 4단계
4284	6단계	3214	3175 > 3181 > 3189 > 3214 > 4284	기저귀 > 하기스 > 보송보송 > 팬티 > 6단계
3213	기저귀	3189	3175 > 3181 > 3189 > 3213	기저귀 > 하기스 > 보송보송 > 기저귀
3216	4단계	3213	3175 > 3181 > 3189 > 3213 > 3216	기저귀 > 하기스 > 보송보송 > 기저귀 > 4단계
4285	5단계	3213	3175 > 3181 > 3189 > 3213 > 4285	기저귀 > 하기스 > 보송보송 > 기저귀 > 5단계
4286	2단계	3213	3175 > 3181 > 3189 > 3213 > 4286	기저귀 > 하기스 > 보송보송 > 기저귀 > 2단계
3215	3단계	3213	3175 > 3181 > 3189 > 3213 > 3215	기저귀 > 하기스 > 보송보송 > 기저귀 > 3단계
3190	크린베베	3181	3175 > 3181 > 3190	기저귀 > 하기스 > 크린베베
3219	기저귀	3190	3175 > 3181 > 3190 > 3219	기저귀 > 하기스 > 크린베베 > 기저귀
4009	오버나이트	3181	3175 > 3181 > 4009	기저귀 > 하기스 > 오버나이트
4010	기저귀	4009	3175 > 3181 > 4009 > 4010	기저귀 > 하기스 > 오버나이트 > 기저귀
4012	4단계	4010	3175 > 3181 > 4009 > 4010 > 4012	기저귀 > 하기스 > 오버나이트 > 기저귀 > 4단계
4011	팬티	4009	3175 > 3181 > 4009 > 4011	기저귀 > 하기스 > 오버나이트 > 팬티
4013	4단계	4011	3175 > 3181 > 4009 > 4011 > 4013	기저귀 > 하기스 > 오버나이트 > 팬티 > 4단계
4156	보송보송소프트	3181	3175 > 3181 > 4156	기저귀 > 하기스 > 보송보송소프트
4157	기저귀	4156	3175 > 3181 > 4156 > 4157	기저귀 > 하기스 > 보송보송소프트 > 기저귀
4158	2단계	4157	3175 > 3181 > 4156 > 4157 > 4158	기저귀 > 하기스 > 보송보송소프트 > 기저귀 > 2단계
3187	썸머	3181	3175 > 3181 > 3187	기저귀 > 하기스 > 썸머
3199	팬티	3187	3175 > 3181 > 3187 > 3199	기저귀 > 하기스 > 썸머 > 팬티
3203	4단계	3199	3175 > 3181 > 3187 > 3199 > 3203	기저귀 > 하기스 > 썸머 > 팬티 > 4단계
3204	5단계	3199	3175 > 3181 > 3187 > 3199 > 3204	기저귀 > 하기스 > 썸머 > 팬티 > 5단계
3198	기저귀	3187	3175 > 3181 > 3187 > 3198	기저귀 > 하기스 > 썸머 > 기저귀
3202	5단계	3198	3175 > 3181 > 3187 > 3198 > 3202	기저귀 > 하기스 > 썸머 > 기저귀 > 5단계
3200	3단계	3198	3175 > 3181 > 3187 > 3198 > 3200	기저귀 > 하기스 > 썸머 > 기저귀 > 3단계
3201	4단계	3198	3175 > 3181 > 3187 > 3198 > 3201	기저귀 > 하기스 > 썸머 > 기저귀 > 4단계
3186	네이처메이드	3181	3175 > 3181 > 3186	기저귀 > 하기스 > 네이처메이드
3192	팬티	3186	3175 > 3181 > 3186 > 3192	기저귀 > 하기스 > 네이처메이드 > 팬티
3795	6단계	3192	3175 > 3181 > 3186 > 3192 > 3795	기저귀 > 하기스 > 네이처메이드 > 팬티 > 6단계
3195	3단계	3192	3175 > 3181 > 3186 > 3192 > 3195	기저귀 > 하기스 > 네이처메이드 > 팬티 > 3단계
3196	4단계	3192	3175 > 3181 > 3186 > 3192 > 3196	기저귀 > 하기스 > 네이처메이드 > 팬티 > 4단계
3197	5단계	3192	3175 > 3181 > 3186 > 3192 > 3197	기저귀 > 하기스 > 네이처메이드 > 팬티 > 5단계
3191	기저귀	3186	3175 > 3181 > 3186 > 3191	기저귀 > 하기스 > 네이처메이드 > 기저귀
3997	5단계	3191	3175 > 3181 > 3186 > 3191 > 3997	기저귀 > 하기스 > 네이처메이드 > 기저귀 > 5단계
3193	3단계	3191	3175 > 3181 > 3186 > 3191 > 3193	기저귀 > 하기스 > 네이처메이드 > 기저귀 > 3단계
3194	4단계	3191	3175 > 3181 > 3186 > 3191 > 3194	기저귀 > 하기스 > 네이처메이드 > 기저귀 > 4단계
3996	2단계	3191	3175 > 3181 > 3186 > 3191 > 3996	기저귀 > 하기스 > 네이처메이드 > 기저귀 > 2단계
4110	나비잠	3175	3175 > 4110	기저귀 > 나비잠
4111	슈퍼드라이	4110	3175 > 4110 > 4111	기저귀 > 나비잠 > 슈퍼드라이
4112	기저귀	4111	3175 > 4110 > 4111 > 4112	기저귀 > 나비잠 > 슈퍼드라이 > 기저귀
4114	2단계	4112	3175 > 4110 > 4111 > 4112 > 4114	기저귀 > 나비잠 > 슈퍼드라이 > 기저귀 > 2단계
4115	4단계	4112	3175 > 4110 > 4111 > 4112 > 4115	기저귀 > 나비잠 > 슈퍼드라이 > 기저귀 > 4단계
4113	팬티	4111	3175 > 4110 > 4111 > 4113	기저귀 > 나비잠 > 슈퍼드라이 > 팬티
4116	4단계	4113	3175 > 4110 > 4111 > 4113 > 4116	기저귀 > 나비잠 > 슈퍼드라이 > 팬티 > 4단계
4171	유아물티슈	0	4171	유아물티슈
4178	베베숲	4171	4171 > 4178	유아물티슈 > 베베숲
4180	제로	4178	4171 > 4178 > 4180	유아물티슈 > 베베숲 > 제로
4179	센시티브	4178	4171 > 4178 > 4179	유아물티슈 > 베베숲 > 센시티브
4172	닥터마밍	4171	4171 > 4172	유아물티슈 > 닥터마밍
4174	촉촉케어	4172	4171 > 4172 > 4174	유아물티슈 > 닥터마밍 > 촉촉케어
4173	수딩케어	4172	4171 > 4172 > 4173	유아물티슈 > 닥터마밍 > 수딩케어
4175	릴리유	4171	4171 > 4175	유아물티슈 > 릴리유
4177	촉촉한	4175	4171 > 4175 > 4177	유아물티슈 > 릴리유 > 촉촉한
4176	도톰한	4175	4171 > 4175 > 4176	유아물티슈 > 릴리유 > 도톰한
4181	순둥이	4171	4171 > 4181	유아물티슈 > 순둥이
4182	베이직	4181	4171 > 4181 > 4182	유아물티슈 > 순둥이 > 베이직
4183	앙블랑	4171	4171 > 4183	유아물티슈 > 앙블랑
4184	인디핑크	4183	4171 > 4183 > 4184	유아물티슈 > 앙블랑 > 인디핑크
3842	작업중	0	3842	작업중
3998	스킨케어	0	3998	스킨케어
4001	베비언스	3998	3998 > 4001	스킨케어 > 베비언스
4005	보습(BOSCP) 로션	4001	3998 > 4001 > 4005	스킨케어 > 베비언스 > 보습(BOSCP) 로션
3999	아토팜	3998	3998 > 3999	스킨케어 > 아토팜
4007	MLE 로션	3999	3998 > 3999 > 4007	스킨케어 > 아토팜 > MLE 로션
4000	존슨즈베이비	3998	3998 > 4000	스킨케어 > 존슨즈베이비
4008	수딩 내추럴 너리싱 로션	4000	3998 > 4000 > 4008	스킨케어 > 존슨즈베이비 > 수딩 내추럴 너리싱 로션
4002	아토엔비	3998	3998 > 4002	스킨케어 > 아토엔비
4006	아토엔비 로션	4002	3998 > 4002 > 4006	스킨케어 > 아토엔비 > 아토엔비 로션
4003	그린핑거	3998	3998 > 4003	스킨케어 > 그린핑거
4004	촉촉한 자연보습 로션	4003	3998 > 4003 > 4004	스킨케어 > 그린핑거 > 촉촉한 자연보습 로션
4159	궁중비책	3998	3998 > 4159	스킨케어 > 궁중비책
4160	모이스처 로션	4159	3998 > 4159 > 4160	스킨케어 > 궁중비책 > 모이스처 로션
4161	사노산	3998	3998 > 4161	스킨케어 > 사노산
4162	베이비 케어 바디로션	4161	3998 > 4161 > 4162	스킨케어 > 사노산 > 베이비 케어 바디로션
4163	아비노 베이비	3998	3998 > 4163	스킨케어 > 아비노 베이비
4164	데일리 모이스춰 로션	4163	3998 > 4163 > 4164	스킨케어 > 아비노 베이비 > 데일리 모이스춰 로션
4165	오이보스	3998	3998 > 4165	스킨케어 > 오이보스
4166	베이비 로션	4165	3998 > 4165 > 4166	스킨케어 > 오이보스 > 베이비 로션
3960	B2B 점보롤	0	3960	B2B 점보롤
3963	크리넥스	3960	3960 > 3963	B2B 점보롤 > 크리넥스
3964	점보롤 화장지	3963	3960 > 3963 > 3964	B2B 점보롤 > 크리넥스 > 점보롤 화장지
3965	뽀삐	3960	3960 > 3965	B2B 점보롤 > 뽀삐
3966	점보롤 화장지	3965	3960 > 3965 > 3966	B2B 점보롤 > 뽀삐 > 점보롤 화장지
3959	B2B 타올	0	3959	B2B 타올
3961	크리넥스	3959	3959 > 3961	B2B 타올 > 크리넥스
3962	드라이셀 타올	3961	3959 > 3961 > 3962	B2B 타올 > 크리넥스 > 드라이셀 타올
3274	화장지	0	3274	화장지
3279	땡큐	3274	3274 > 3279	화장지 > 땡큐
3290	천연펄프 3겹 데코	3279	3274 > 3279 > 3290	화장지 > 땡큐 > 천연펄프 3겹 데코
3847	잘풀리는집	3274	3274 > 3847	화장지 > 잘풀리는집
3848	깨끗한3겹	3847	3274 > 3847 > 3848	화장지 > 잘풀리는집 > 깨끗한3겹
3275	크리넥스	3274	3274 > 3275	화장지 > 크리넥스
4015	비데3겹	3275	3274 > 3275 > 4015	화장지 > 크리넥스 > 비데3겹
4014	클래식클린	3275	3274 > 3275 > 4014	화장지 > 크리넥스 > 클래식클린
3280	순수3겹	3275	3274 > 3275 > 3280	화장지 > 크리넥스 > 순수3겹
3281	데코 클래식	3275	3274 > 3275 > 3281	화장지 > 크리넥스 > 데코 클래식
3282	데코앤소프트	3275	3274 > 3275 > 3282	화장지 > 크리넥스 > 데코앤소프트
4187	알로에가든	3275	3274 > 3275 > 4187	화장지 > 크리넥스 > 알로에가든
4272	클린케어	3275	3274 > 3275 > 4272	화장지 > 크리넥스 > 클린케어
4271	수프림소프트	3275	3274 > 3275 > 4271	화장지 > 크리넥스 > 수프림소프트
4223	울트라클린	3275	3274 > 3275 > 4223	화장지 > 크리넥스 > 울트라클린
3276	깨끗한나라	3274	3274 > 3276	화장지 > 깨끗한나라
4185	순백	3276	3274 > 3276 > 4185	화장지 > 깨끗한나라 > 순백
3284	순수	3276	3274 > 3276 > 3284	화장지 > 깨끗한나라 > 순수
3283	더순수	3276	3274 > 3276 > 3283	화장지 > 깨끗한나라 > 더순수
3285	더그린	3276	3274 > 3276 > 3285	화장지 > 깨끗한나라 > 더그린
3277	코디	3274	3274 > 3277	화장지 > 코디
3287	허브가든	3277	3274 > 3277 > 3287	화장지 > 코디 > 허브가든
4186	에코그린	3277	3274 > 3277 > 4186	화장지 > 코디 > 에코그린
3854	라벤더	3277	3274 > 3277 > 3854	화장지 > 코디 > 라벤더
3286	에어쿠션	3277	3274 > 3277 > 3286	화장지 > 코디 > 에어쿠션
3278	한예지	3274	3274 > 3278	화장지 > 한예지
3288	3겹 데코	3278	3274 > 3278 > 3288	화장지 > 한예지 > 3겹 데코
3289	소프트컬렉션	3278	3274 > 3278 > 3289	화장지 > 한예지 > 소프트컬렉션
3946	성인기저귀	0	3946	성인기저귀
3947	디펜드	3946	3946 > 3947	성인기저귀 > 디펜드
4167	안심플러스	3947	3946 > 3947 > 4167	성인기저귀 > 디펜드 > 안심플러스
4169	언더웨어	4167	3946 > 3947 > 4167 > 4169	성인기저귀 > 디펜드 > 안심플러스 > 언더웨어
4170	중형	4169	3946 > 3947 > 4167 > 4169 > 4170	성인기저귀 > 디펜드 > 안심플러스 > 언더웨어 > 중형
3948	스타일	3947	3946 > 3947 > 3948	성인기저귀 > 디펜드 > 스타일
3951	파워	3948	3946 > 3947 > 3948 > 3951	성인기저귀 > 디펜드 > 스타일 > 파워
3952	중형	3951	3946 > 3947 > 3948 > 3951 > 3952	성인기저귀 > 디펜드 > 스타일 > 파워 > 중형
3949	슬림	3948	3946 > 3947 > 3948 > 3949	성인기저귀 > 디펜드 > 스타일 > 슬림
3950	중형	3949	3946 > 3947 > 3948 > 3949 > 3950	성인기저귀 > 디펜드 > 스타일 > 슬림 > 중형
3953	라이프리	3946	3946 > 3953	성인기저귀 > 라이프리
3954	안심팬티	3953	3946 > 3953 > 3954	성인기저귀 > 라이프리 > 안심팬티
3955	일반	3954	3946 > 3953 > 3954 > 3955	성인기저귀 > 라이프리 > 안심팬티 > 일반
3956	중형	3955	3946 > 3953 > 3954 > 3955 > 3956	성인기저귀 > 라이프리 > 안심팬티 > 일반 > 중형
3291	생리대 패드	0	3291	생리대 패드
3294	바디피트	3291	3291 > 3294	생리대 패드 > 바디피트
3333	볼록맞춤	3294	3291 > 3294 > 3333	생리대 패드 > 바디피트 > 볼록맞춤
3336	울트라슬림 날개	3333	3291 > 3294 > 3333 > 3336	생리대 패드 > 바디피트 > 볼록맞춤 > 울트라슬림 날개
3343	슈퍼롱	3336	3291 > 3294 > 3333 > 3336 > 3343	생리대 패드 > 바디피트 > 볼록맞춤 > 울트라슬림 날개 > 슈퍼롱
3339	소형	3336	3291 > 3294 > 3333 > 3336 > 3339	생리대 패드 > 바디피트 > 볼록맞춤 > 울트라슬림 날개 > 소형
3340	중형	3336	3291 > 3294 > 3333 > 3336 > 3340	생리대 패드 > 바디피트 > 볼록맞춤 > 울트라슬림 날개 > 중형
3341	대형	3336	3291 > 3294 > 3333 > 3336 > 3341	생리대 패드 > 바디피트 > 볼록맞춤 > 울트라슬림 날개 > 대형
3342	오버나이트	3336	3291 > 3294 > 3333 > 3336 > 3342	생리대 패드 > 바디피트 > 볼록맞춤 > 울트라슬림 날개 > 오버나이트
3900	안심숙면420	3333	3291 > 3294 > 3333 > 3900	생리대 패드 > 바디피트 > 볼록맞춤 > 안심숙면420
3335	내몸에 순한면	3294	3291 > 3294 > 3335	생리대 패드 > 바디피트 > 내몸에 순한면
3350	울트라슬림 날개	3335	3291 > 3294 > 3335 > 3350	생리대 패드 > 바디피트 > 내몸에 순한면 > 울트라슬림 날개
3351	중형	3350	3291 > 3294 > 3335 > 3350 > 3351	생리대 패드 > 바디피트 > 내몸에 순한면 > 울트라슬림 날개 > 중형
3353	슈퍼롱	3350	3291 > 3294 > 3335 > 3350 > 3353	생리대 패드 > 바디피트 > 내몸에 순한면 > 울트라슬림 날개 > 슈퍼롱
3352	대형	3350	3291 > 3294 > 3335 > 3350 > 3352	생리대 패드 > 바디피트 > 내몸에 순한면 > 울트라슬림 날개 > 대형
3334	귀애랑	3294	3291 > 3294 > 3334	생리대 패드 > 바디피트 > 귀애랑
3344	울트라슬림 날개	3334	3291 > 3294 > 3334 > 3344	생리대 패드 > 바디피트 > 귀애랑 > 울트라슬림 날개
3348	오버나이트	3344	3291 > 3294 > 3334 > 3344 > 3348	생리대 패드 > 바디피트 > 귀애랑 > 울트라슬림 날개 > 오버나이트
3349	슈퍼롱	3344	3291 > 3294 > 3334 > 3344 > 3349	생리대 패드 > 바디피트 > 귀애랑 > 울트라슬림 날개 > 슈퍼롱
3345	소형	3344	3291 > 3294 > 3334 > 3344 > 3345	생리대 패드 > 바디피트 > 귀애랑 > 울트라슬림 날개 > 소형
3346	중형	3344	3291 > 3294 > 3334 > 3344 > 3346	생리대 패드 > 바디피트 > 귀애랑 > 울트라슬림 날개 > 중형
3347	대형	3344	3291 > 3294 > 3334 > 3344 > 3347	생리대 패드 > 바디피트 > 귀애랑 > 울트라슬림 날개 > 대형
3298	시크릿데이	3291	3291 > 3298	생리대 패드 > 시크릿데이
3395	러브레시피	3298	3291 > 3298 > 3395	생리대 패드 > 시크릿데이 > 러브레시피
3398	울트라슬림 날개	3395	3291 > 3298 > 3395 > 3398	생리대 패드 > 시크릿데이 > 러브레시피 > 울트라슬림 날개
3401	중형	3398	3291 > 3298 > 3395 > 3398 > 3401	생리대 패드 > 시크릿데이 > 러브레시피 > 울트라슬림 날개 > 중형
3402	대형	3398	3291 > 3298 > 3395 > 3398 > 3402	생리대 패드 > 시크릿데이 > 러브레시피 > 울트라슬림 날개 > 대형
3403	오버나이트	3398	3291 > 3298 > 3395 > 3398 > 3403	생리대 패드 > 시크릿데이 > 러브레시피 > 울트라슬림 날개 > 오버나이트
3396	미스샬롯	3298	3291 > 3298 > 3396	생리대 패드 > 시크릿데이 > 미스샬롯
3399	울트라슬림 날개	3396	3291 > 3298 > 3396 > 3399	생리대 패드 > 시크릿데이 > 미스샬롯 > 울트라슬림 날개
3404	중형	3399	3291 > 3298 > 3396 > 3399 > 3404	생리대 패드 > 시크릿데이 > 미스샬롯 > 울트라슬림 날개 > 중형
3405	대형	3399	3291 > 3298 > 3396 > 3399 > 3405	생리대 패드 > 시크릿데이 > 미스샬롯 > 울트라슬림 날개 > 대형
3397	센스	3298	3291 > 3298 > 3397	생리대 패드 > 시크릿데이 > 센스
3400	울트라슬림 날개	3397	3291 > 3298 > 3397 > 3400	생리대 패드 > 시크릿데이 > 센스 > 울트라슬림 날개
3407	대형	3400	3291 > 3298 > 3397 > 3400 > 3407	생리대 패드 > 시크릿데이 > 센스 > 울트라슬림 날개 > 대형
3406	중형	3400	3291 > 3298 > 3397 > 3400 > 3406	생리대 패드 > 시크릿데이 > 센스 > 울트라슬림 날개 > 중형
3292	화이트	3291	3291 > 3292	생리대 패드 > 화이트
3300	시크릿홀 라벤더	3292	3291 > 3292 > 3300	생리대 패드 > 화이트 > 시크릿홀 라벤더
3312	울트라슬림 날개	3300	3291 > 3292 > 3300 > 3312	생리대 패드 > 화이트 > 시크릿홀 라벤더 > 울트라슬림 날개
3313	소형	3312	3291 > 3292 > 3300 > 3312 > 3313	생리대 패드 > 화이트 > 시크릿홀 라벤더 > 울트라슬림 날개 > 소형
3315	대형	3312	3291 > 3292 > 3300 > 3312 > 3315	생리대 패드 > 화이트 > 시크릿홀 라벤더 > 울트라슬림 날개 > 대형
3314	중형	3312	3291 > 3292 > 3300 > 3312 > 3314	생리대 패드 > 화이트 > 시크릿홀 라벤더 > 울트라슬림 날개 > 중형
3299	시크릿홀	3292	3291 > 3292 > 3299	생리대 패드 > 화이트 > 시크릿홀
3302	슬림 날개	3299	3291 > 3292 > 3299 > 3302	생리대 패드 > 화이트 > 시크릿홀 > 슬림 날개
3310	오버나이트	3302	3291 > 3292 > 3299 > 3302 > 3310	생리대 패드 > 화이트 > 시크릿홀 > 슬림 날개 > 오버나이트
3311	수퍼롱	3302	3291 > 3292 > 3299 > 3302 > 3311	생리대 패드 > 화이트 > 시크릿홀 > 슬림 날개 > 수퍼롱
3307	소형	3302	3291 > 3292 > 3299 > 3302 > 3307	생리대 패드 > 화이트 > 시크릿홀 > 슬림 날개 > 소형
3308	중형	3302	3291 > 3292 > 3299 > 3302 > 3308	생리대 패드 > 화이트 > 시크릿홀 > 슬림 날개 > 중형
3309	대형	3302	3291 > 3292 > 3299 > 3302 > 3309	생리대 패드 > 화이트 > 시크릿홀 > 슬림 날개 > 대형
3301	울트라슬림 날개	3299	3291 > 3292 > 3299 > 3301	생리대 패드 > 화이트 > 시크릿홀 > 울트라슬림 날개
3303	소형	3301	3291 > 3292 > 3299 > 3301 > 3303	생리대 패드 > 화이트 > 시크릿홀 > 울트라슬림 날개 > 소형
3304	중형	3301	3291 > 3292 > 3299 > 3301 > 3304	생리대 패드 > 화이트 > 시크릿홀 > 울트라슬림 날개 > 중형
3305	대형	3301	3291 > 3292 > 3299 > 3301 > 3305	생리대 패드 > 화이트 > 시크릿홀 > 울트라슬림 날개 > 대형
3306	오버나이트	3301	3291 > 3292 > 3299 > 3301 > 3306	생리대 패드 > 화이트 > 시크릿홀 > 울트라슬림 날개 > 오버나이트
3891	울트라날개	3299	3291 > 3292 > 3299 > 3891	생리대 패드 > 화이트 > 시크릿홀 > 울트라날개
3894	소형	3891	3291 > 3292 > 3299 > 3891 > 3894	생리대 패드 > 화이트 > 시크릿홀 > 울트라날개 > 소형
3893	중형	3891	3291 > 3292 > 3299 > 3891 > 3893	생리대 패드 > 화이트 > 시크릿홀 > 울트라날개 > 중형
3892	대형	3891	3291 > 3292 > 3299 > 3891 > 3892	생리대 패드 > 화이트 > 시크릿홀 > 울트라날개 > 대형
3895	화이트	3292	3291 > 3292 > 3895	생리대 패드 > 화이트 > 화이트
3896	수퍼롱	3895	3291 > 3292 > 3895 > 3896	생리대 패드 > 화이트 > 화이트 > 수퍼롱
3293	좋은느낌	3291	3291 > 3293	생리대 패드 > 좋은느낌
3881	순수	3293	3291 > 3293 > 3881	생리대 패드 > 좋은느낌 > 순수
3882	울트라날개	3881	3291 > 3293 > 3881 > 3882	생리대 패드 > 좋은느낌 > 순수 > 울트라날개
3883	소형	3882	3291 > 3293 > 3881 > 3882 > 3883	생리대 패드 > 좋은느낌 > 순수 > 울트라날개 > 소형
3884	대형	3882	3291 > 3293 > 3881 > 3882 > 3884	생리대 패드 > 좋은느낌 > 순수 > 울트라날개 > 대형
3885	중형	3882	3291 > 3293 > 3881 > 3882 > 3885	생리대 패드 > 좋은느낌 > 순수 > 울트라날개 > 중형
3317	좋은순면	3293	3291 > 3293 > 3317	생리대 패드 > 좋은느낌 > 좋은순면
3887	울트라날개	3317	3291 > 3293 > 3317 > 3887	생리대 패드 > 좋은느낌 > 좋은순면 > 울트라날개
3889	중형	3887	3291 > 3293 > 3317 > 3887 > 3889	생리대 패드 > 좋은느낌 > 좋은순면 > 울트라날개 > 중형
3888	대형	3887	3291 > 3293 > 3317 > 3887 > 3888	생리대 패드 > 좋은느낌 > 좋은순면 > 울트라날개 > 대형
3890	소형	3887	3291 > 3293 > 3317 > 3887 > 3890	생리대 패드 > 좋은느낌 > 좋은순면 > 울트라날개 > 소형
3329	울트라슬림 날개	3317	3291 > 3293 > 3317 > 3329	생리대 패드 > 좋은느낌 > 좋은순면 > 울트라슬림 날개
3332	대형	3329	3291 > 3293 > 3317 > 3329 > 3332	생리대 패드 > 좋은느낌 > 좋은순면 > 울트라슬림 날개 > 대형
3331	중형	3329	3291 > 3293 > 3317 > 3329 > 3331	생리대 패드 > 좋은느낌 > 좋은순면 > 울트라슬림 날개 > 중형
3330	소형	3329	3291 > 3293 > 3317 > 3329 > 3330	생리대 패드 > 좋은느낌 > 좋은순면 > 울트라슬림 날개 > 소형
3316	좋은느낌	3293	3291 > 3293 > 3316	생리대 패드 > 좋은느낌 > 좋은느낌
3886	수퍼롱	3316	3291 > 3293 > 3316 > 3886	생리대 패드 > 좋은느낌 > 좋은느낌 > 수퍼롱
3318	울트라슬림 날개	3316	3291 > 3293 > 3316 > 3318	생리대 패드 > 좋은느낌 > 좋은느낌 > 울트라슬림 날개
3322	대형	3318	3291 > 3293 > 3316 > 3318 > 3322	생리대 패드 > 좋은느낌 > 좋은느낌 > 울트라슬림 날개 > 대형
3323	오버나이트	3318	3291 > 3293 > 3316 > 3318 > 3323	생리대 패드 > 좋은느낌 > 좋은느낌 > 울트라슬림 날개 > 오버나이트
3320	소형	3318	3291 > 3293 > 3316 > 3318 > 3320	생리대 패드 > 좋은느낌 > 좋은느낌 > 울트라슬림 날개 > 소형
3321	중형	3318	3291 > 3293 > 3316 > 3318 > 3321	생리대 패드 > 좋은느낌 > 좋은느낌 > 울트라슬림 날개 > 중형
3319	슬림 날개	3316	3291 > 3293 > 3316 > 3319	생리대 패드 > 좋은느낌 > 좋은느낌 > 슬림 날개
3325	중형	3319	3291 > 3293 > 3316 > 3319 > 3325	생리대 패드 > 좋은느낌 > 좋은느낌 > 슬림 날개 > 중형
3327	오버나이트	3319	3291 > 3293 > 3316 > 3319 > 3327	생리대 패드 > 좋은느낌 > 좋은느낌 > 슬림 날개 > 오버나이트
3328	수퍼롱	3319	3291 > 3293 > 3316 > 3319 > 3328	생리대 패드 > 좋은느낌 > 좋은느낌 > 슬림 날개 > 수퍼롱
3324	소형	3319	3291 > 3293 > 3316 > 3319 > 3324	생리대 패드 > 좋은느낌 > 좋은느낌 > 슬림 날개 > 소형
3326	대형	3319	3291 > 3293 > 3316 > 3319 > 3326	생리대 패드 > 좋은느낌 > 좋은느낌 > 슬림 날개 > 대형
4275	라네이처	3293	3291 > 3293 > 4275	생리대 패드 > 좋은느낌 > 라네이처
4276	울트라날개	4275	3291 > 3293 > 4275 > 4276	생리대 패드 > 좋은느낌 > 라네이처 > 울트라날개
4277	중형	4276	3291 > 3293 > 4275 > 4276 > 4277	생리대 패드 > 좋은느낌 > 라네이처 > 울트라날개 > 중형
4278	대형	4276	3291 > 3293 > 4275 > 4276 > 4278	생리대 패드 > 좋은느낌 > 라네이처 > 울트라날개 > 대형
3295	쏘피 (한결)	3291	3291 > 3295	생리대 패드 > 쏘피 (한결)
3354	쏘피 (한결)	3295	3291 > 3295 > 3354	생리대 패드 > 쏘피 (한결) > 쏘피 (한결)
3355	울트라슬림 날개	3354	3291 > 3295 > 3354 > 3355	생리대 패드 > 쏘피 (한결) > 쏘피 (한결) > 울트라슬림 날개
3358	대형	3355	3291 > 3295 > 3354 > 3355 > 3358	생리대 패드 > 쏘피 (한결) > 쏘피 (한결) > 울트라슬림 날개 > 대형
3357	중형	3355	3291 > 3295 > 3354 > 3355 > 3357	생리대 패드 > 쏘피 (한결) > 쏘피 (한결) > 울트라슬림 날개 > 중형
3356	슈퍼 울트라슬림 날개	3354	3291 > 3295 > 3354 > 3356	생리대 패드 > 쏘피 (한결) > 쏘피 (한결) > 슈퍼 울트라슬림 날개
3359	중형	3356	3291 > 3295 > 3354 > 3356 > 3359	생리대 패드 > 쏘피 (한결) > 쏘피 (한결) > 슈퍼 울트라슬림 날개 > 중형
3296	위스퍼	3291	3291 > 3296	생리대 패드 > 위스퍼
3360	리프레쉬 케어	3296	3291 > 3296 > 3360	생리대 패드 > 위스퍼 > 리프레쉬 케어
3363	울트라슬림 날개	3360	3291 > 3296 > 3360 > 3363	생리대 패드 > 위스퍼 > 리프레쉬 케어 > 울트라슬림 날개
3368	슈퍼롱	3363	3291 > 3296 > 3360 > 3363 > 3368	생리대 패드 > 위스퍼 > 리프레쉬 케어 > 울트라슬림 날개 > 슈퍼롱
3366	대형	3363	3291 > 3296 > 3360 > 3363 > 3366	생리대 패드 > 위스퍼 > 리프레쉬 케어 > 울트라슬림 날개 > 대형
3365	중형	3363	3291 > 3296 > 3360 > 3363 > 3365	생리대 패드 > 위스퍼 > 리프레쉬 케어 > 울트라슬림 날개 > 중형
3364	소형	3363	3291 > 3296 > 3360 > 3363 > 3364	생리대 패드 > 위스퍼 > 리프레쉬 케어 > 울트라슬림 날개 > 소형
3367	오버나이트	3363	3291 > 3296 > 3360 > 3363 > 3367	생리대 패드 > 위스퍼 > 리프레쉬 케어 > 울트라슬림 날개 > 오버나이트
3361	보송보송 케어	3296	3291 > 3296 > 3361	생리대 패드 > 위스퍼 > 보송보송 케어
3369	울트라슬림 날개	3361	3291 > 3296 > 3361 > 3369	생리대 패드 > 위스퍼 > 보송보송 케어 > 울트라슬림 날개
3370	소형	3369	3291 > 3296 > 3361 > 3369 > 3370	생리대 패드 > 위스퍼 > 보송보송 케어 > 울트라슬림 날개 > 소형
3374	슈퍼롱	3369	3291 > 3296 > 3361 > 3369 > 3374	생리대 패드 > 위스퍼 > 보송보송 케어 > 울트라슬림 날개 > 슈퍼롱
3373	오버나이트	3369	3291 > 3296 > 3361 > 3369 > 3373	생리대 패드 > 위스퍼 > 보송보송 케어 > 울트라슬림 날개 > 오버나이트
3372	대형	3369	3291 > 3296 > 3361 > 3369 > 3372	생리대 패드 > 위스퍼 > 보송보송 케어 > 울트라슬림 날개 > 대형
3371	중형	3369	3291 > 3296 > 3361 > 3369 > 3371	생리대 패드 > 위스퍼 > 보송보송 케어 > 울트라슬림 날개 > 중형
3362	피부애	3296	3291 > 3296 > 3362	생리대 패드 > 위스퍼 > 피부애
3378	울트라 슈퍼슬림 날개	3362	3291 > 3296 > 3362 > 3378	생리대 패드 > 위스퍼 > 피부애 > 울트라 슈퍼슬림 날개
3380	중형	3378	3291 > 3296 > 3362 > 3378 > 3380	생리대 패드 > 위스퍼 > 피부애 > 울트라 슈퍼슬림 날개 > 중형
3379	소형	3378	3291 > 3296 > 3362 > 3378 > 3379	생리대 패드 > 위스퍼 > 피부애 > 울트라 슈퍼슬림 날개 > 소형
3383	슈퍼롱	3378	3291 > 3296 > 3362 > 3378 > 3383	생리대 패드 > 위스퍼 > 피부애 > 울트라 슈퍼슬림 날개 > 슈퍼롱
3382	오버나이트	3378	3291 > 3296 > 3362 > 3378 > 3382	생리대 패드 > 위스퍼 > 피부애 > 울트라 슈퍼슬림 날개 > 오버나이트
3381	대형	3378	3291 > 3296 > 3362 > 3378 > 3381	생리대 패드 > 위스퍼 > 피부애 > 울트라 슈퍼슬림 날개 > 대형
3297	릴리안	3291	3291 > 3297	생리대 패드 > 릴리안
4016	초흡수	3297	3291 > 3297 > 4016	생리대 패드 > 릴리안 > 초흡수
4017	울트라 슬림 날개	4016	3291 > 3297 > 4016 > 4017	생리대 패드 > 릴리안 > 초흡수 > 울트라 슬림 날개
4018	중형	4017	3291 > 3297 > 4016 > 4017 > 4018	생리대 패드 > 릴리안 > 초흡수 > 울트라 슬림 날개 > 중형
3384	숨,쉬다 	3297	3291 > 3297 > 3384	생리대 패드 > 릴리안 > 숨,쉬다 
3386	슬림 날개	3384	3291 > 3297 > 3384 > 3386	생리대 패드 > 릴리안 > 숨,쉬다  > 슬림 날개
3390	오버나이트	3386	3291 > 3297 > 3384 > 3386 > 3390	생리대 패드 > 릴리안 > 숨,쉬다  > 슬림 날개 > 오버나이트
3389	대형	3386	3291 > 3297 > 3384 > 3386 > 3389	생리대 패드 > 릴리안 > 숨,쉬다  > 슬림 날개 > 대형
3388	중형	3386	3291 > 3297 > 3384 > 3386 > 3388	생리대 패드 > 릴리안 > 숨,쉬다  > 슬림 날개 > 중형
3387	소형	3386	3291 > 3297 > 3384 > 3386 > 3387	생리대 패드 > 릴리안 > 숨,쉬다  > 슬림 날개 > 소형
3385	순수한면	3297	3291 > 3297 > 3385	생리대 패드 > 릴리안 > 순수한면
3391	울트라 슈퍼슬림 날개	3385	3291 > 3297 > 3385 > 3391	생리대 패드 > 릴리안 > 순수한면 > 울트라 슈퍼슬림 날개
3394	대형	3391	3291 > 3297 > 3385 > 3391 > 3394	생리대 패드 > 릴리안 > 순수한면 > 울트라 슈퍼슬림 날개 > 대형
3393	중형	3391	3291 > 3297 > 3385 > 3391 > 3393	생리대 패드 > 릴리안 > 순수한면 > 울트라 슈퍼슬림 날개 > 중형
3392	소형	3391	3291 > 3297 > 3385 > 3391 > 3392	생리대 패드 > 릴리안 > 순수한면 > 울트라 슈퍼슬림 날개 > 소형
3487	탐폰	0	3487	탐폰
3488	화이트	3487	3487 > 3488	탐폰 > 화이트
3492	화이트 탐폰	3488	3487 > 3488 > 3492	탐폰 > 화이트 > 화이트 탐폰
3495	수퍼	3492	3487 > 3488 > 3492 > 3495	탐폰 > 화이트 > 화이트 탐폰 > 수퍼
3494	레귤러	3492	3487 > 3488 > 3492 > 3494	탐폰 > 화이트 > 화이트 탐폰 > 레귤러
3493	화이트 탐폰 오가닉	3488	3487 > 3488 > 3493	탐폰 > 화이트 > 화이트 탐폰 오가닉
3496	레귤러	3493	3487 > 3488 > 3493 > 3496	탐폰 > 화이트 > 화이트 탐폰 오가닉 > 레귤러
3497	수퍼	3493	3487 > 3488 > 3493 > 3497	탐폰 > 화이트 > 화이트 탐폰 오가닉 > 수퍼
3897	슈퍼	3488	3487 > 3488 > 3897	탐폰 > 화이트 > 슈퍼
3489	동아제약	3487	3487 > 3489	탐폰 > 동아제약
3898	뉴템포	3489	3487 > 3489 > 3898	탐폰 > 동아제약 > 뉴템포
3899	슈퍼	3898	3487 > 3489 > 3898 > 3899	탐폰 > 동아제약 > 뉴템포 > 슈퍼
3498	템포	3489	3487 > 3489 > 3498	탐폰 > 동아제약 > 템포
3500	레귤러	3498	3487 > 3489 > 3498 > 3500	탐폰 > 동아제약 > 템포 > 레귤러
3501	슈퍼	3498	3487 > 3489 > 3498 > 3501	탐폰 > 동아제약 > 템포 > 슈퍼
3499	템포 에코 내추럴	3489	3487 > 3489 > 3499	탐폰 > 동아제약 > 템포 에코 내추럴
3502	레귤러	3499	3487 > 3489 > 3499 > 3502	탐폰 > 동아제약 > 템포 에코 내추럴 > 레귤러
3503	슈퍼	3499	3487 > 3489 > 3499 > 3503	탐폰 > 동아제약 > 템포 에코 내추럴 > 슈퍼
3490	릴리안	3487	3487 > 3490	탐폰 > 릴리안
3504	The건강한 순수한면 탐폰	3490	3487 > 3490 > 3504	탐폰 > 릴리안 > The건강한 순수한면 탐폰
3506	슈퍼	3504	3487 > 3490 > 3504 > 3506	탐폰 > 릴리안 > The건강한 순수한면 탐폰 > 슈퍼
3505	레귤러	3504	3487 > 3490 > 3504 > 3505	탐폰 > 릴리안 > The건강한 순수한면 탐폰 > 레귤러
3491	나트라케어	3487	3487 > 3491	탐폰 > 나트라케어
3507	유기농 순면 탐폰	3491	3487 > 3491 > 3507	탐폰 > 나트라케어 > 유기농 순면 탐폰
3508	레귤러	3507	3487 > 3491 > 3507 > 3508	탐폰 > 나트라케어 > 유기농 순면 탐폰 > 레귤러
3876	수유용품	0	3876	수유용품
3877	더블하트	3876	3876 > 3877	수유용품 > 더블하트
3879	젖꼭지	3877	3876 > 3877 > 3879	수유용품 > 더블하트 > 젖꼭지
3880	수유패드	3877	3876 > 3877 > 3880	수유용품 > 더블하트 > 수유패드
3878	젖병	3877	3876 > 3877 > 3878	수유용품 > 더블하트 > 젖병
